{
	"comment": "This file contains our built-in DNS used by the Auto mode in Infrastructure. In addition to being shipped, it's also hosted on https://metadata.ppsspp.org/infra-dns.json. (Exact game names below are not important).",
	"default": {
		"dns": "67.222.156.250",
		"revival_credits": {
			"group": "PS Rewired",
			"url": "https://psrewired.com/"
		}
	},
	"games": [
		{
			"name": "UEFA Champions League 2006-2007",
			"comment": {
				"en_US": "Works but there are incompatibilities between platforms"
			},
			"revival_credits": {
				"group": "EA Nation Hub",
				"url": "https://discord.gg/fwrQHHxrQQ"
			},
			"dns": "ablondel.ddns.net",
			"dyn_dns": "ablondel.ddns.net",
			"domains": {
				"pspuefa07.ea.com": "ablondel.ddns.net"
			},
			"score": 4,
			"known_working_ids": [
				"ULES00699",
				"ULES00706",
				"ULES00707",
				"ULES00708",
				"ULES00709",
				"ULUS10221"
			]
		},
		{
			"name": "FIFA 07",
			"comment": {
				"en_US": "Works but there are incompatibilities between platforms"
			},
			"revival_credits": {
				"group": "EA Nation Hub",
				"url": "https://discord.gg/fwrQHHxrQQ"
			},
			"dns": "ablondel.ddns.net",
			"dyn_dns": "ablondel.ddns.net",
			"domains": {
				"pspfifa07.ea.com": "ablondel.ddns.net"
			},
			"score": 4,
			"known_working_ids": [
				"ULES00440",
				"ULES00441",
				"ULES00442",
				"ULES00443",
				"ULES00444",
				"ULES00459",
				"ULJM05191",
				"ULUS10112"
			]
		},
		{
			"name": "FIFA 08",
			"comment": {
				"en_US": "Works but there are incompatibilities between platforms"
			},
			"revival_credits": {
				"group": "EA Nation Hub",
				"url": "https://discord.gg/fwrQHHxrQQ"
			},
			"dns": "ablondel.ddns.net",
			"dyn_dns": "ablondel.ddns.net",
			"domains": {
				"pspfifa08.ea.com": "ablondel.ddns.net"
			},
			"score": 4,
			"known_working_ids": [
				"ULES00891",
				"ULES00892",
				"ULES00893",
				"ULES00894",
				"ULES00895",
				"ULES00896",
				"ULES01057",
				"ULKS46153",
				"ULUS10293"
			]
		},
		{
			"name": "FIFA 09",
			"comment": {
				"en_US": "Works but there are incompatibilities between platforms"
			},
			"revival_credits": {
				"group": "EA Nation Hub",
				"url": "https://discord.gg/fwrQHHxrQQ"
			},
			"dns": "ablondel.ddns.net",
			"dyn_dns": "ablondel.ddns.net",
			"domains": {
				"pspfifa09.ea.com": "ablondel.ddns.net"
			},
			"score": 4,
			"known_working_ids": [
				"ULAS42141",
				"ULES01135",
				"ULES01136",
				"ULES01137",
				"ULES01138",
				"ULES01139",
				"ULES01140",
				"ULES01141",
				"ULES01143",
				"ULUS10369",
				"ULUS10394"
			]
		},
		{
			"name": "FIFA 10",
			"comment": {
				"en_US": "Works but there are incompatibilities between platforms"
			},
			"revival_credits": {
				"group": "EA Nation Hub",
				"url": "https://discord.gg/fwrQHHxrQQ"
			},
			"dns": "ablondel.ddns.net",
			"dyn_dns": "ablondel.ddns.net",
			"domains": {
				"pspfifa10.ea.com": "ablondel.ddns.net"
			},
			"score": 4,
			"known_working_ids": [
				"ULES01322",
				"ULES01323",
				"ULES01324",
				"ULES01325",
				"ULES01326",
				"ULES01329",
				"ULES01330",
				"ULES01331",
				"ULUS10464",
				"ULUS10473"
			]
		},
		{
			"name": "FIFA World Cup Germany 2006",
			"comment": {
				"en_US": "Works but requires a patch! Also, there are incompatibilities between platforms"
			},
			"revival_credits": {
				"group": "EA Nation Hub",
				"url": "https://discord.gg/fwrQHHxrQQ"
			},
			"dns": "ablondel.ddns.net",
			"dyn_dns": "ablondel.ddns.net",
			"domains": {
				"pspuefa06.ea.com": "ablondel.ddns.net"
			},
			"score": 4,
			"known_working_ids": [
				"ULES00340",
				"ULUS10082"
			]
		},
		{
			"name": "FIFA World Cup South Africa 2010",
			"comment": {
				"en_US": "Works but there are incompatibilities between platforms"
			},
			"revival_credits": {
				"group": "EA Nation Hub",
				"url": "https://discord.gg/fwrQHHxrQQ"
			},
			"dns": "ablondel.ddns.net",
			"dyn_dns": "ablondel.ddns.net",
			"domains": {
				"pspworldcup10.ea.com": "ablondel.ddns.net"
			},
			"score": 4,
			"known_working_ids": [
				"ULES01412",
				"ULES01413",
				"ULES01414",
				"ULUS10504",
				"ULUS10517"
			]
		},
		{
			"name": "Fight Night Round 3",
			"comment": {
				"en_US": "Works but requires a patch! Also, there are incompatibilities between platforms"
			},
			"revival_credits": {
				"group": "EA Nation Hub",
				"url": "https://discord.gg/fwrQHHxrQQ"
			},
			"dns": "ablondel.ddns.net",
			"dyn_dns": "ablondel.ddns.net",
			"domains": {
				"pspkok06.ea.com": "ablondel.ddns.net"
			},
			"score": 4,
			"known_working_ids": [
				"ULES00270",
				"ULUS10066"
			]
		},
		{
			"name": "Madden NFL 07",
			"comment": {
				"en_US": "Works but there are incompatibilities between platforms"
			},
			"revival_credits": {
				"group": "EA Nation Hub",
				"url": "https://discord.gg/fwrQHHxrQQ"
			},
			"dns": "ablondel.ddns.net",
			"dyn_dns": "ablondel.ddns.net",
			"domains": {
				"pspmadden07.ea.com": "ablondel.ddns.net"
			},
			"score": 4,
			"known_working_ids": [
				"ULUS10117"
			]
		},
		{
			"name": "Madden NFL 08",
			"comment": {
				"en_US": "Works but there are incompatibilities between platforms"
			},
			"revival_credits": {
				"group": "EA Nation Hub",
				"url": "https://discord.gg/fwrQHHxrQQ"
			},
			"dns": "ablondel.ddns.net",
			"dyn_dns": "ablondel.ddns.net",
			"domains": {
				"pspmadden08.ea.com": "ablondel.ddns.net"
			},
			"score": 4,
			"known_working_ids": [
				"ULES00867",
				"ULUS10275"
			]
		},
		{
			"name": "Madden NFL 09",
			"comment": {
				"en_US": "Works but there are incompatibilities between platforms"
			},
			"revival_credits": {
				"group": "EA Nation Hub",
				"url": "https://discord.gg/fwrQHHxrQQ"
			},
			"dns": "ablondel.ddns.net",
			"dyn_dns": "ablondel.ddns.net",
			"domains": {
				"pspmadden09.ea.com": "ablondel.ddns.net"
			},
			"score": 4,
			"known_working_ids": [
				"ULES01093",
				"UCUS10352",
				"ULUS10352"
			]
		},
		{
			"name": "Madden NFL 10",
			"comment": {
				"en_US": "Works but there are incompatibilities between platforms"
			},
			"revival_credits": {
				"group": "EA Nation Hub",
				"url": "https://discord.gg/fwrQHHxrQQ"
			},
			"dns": "ablondel.ddns.net",
			"dyn_dns": "ablondel.ddns.net",
			"domains": {
				"pspmadden10.ea.com": "ablondel.ddns.net"
			},
			"score": 4,
			"known_working_ids": [
				"ULUS10441"
			]
		},
		{
			"name": "Medal of Honor: Heroes",
			"comment": {
				"en_US": "Works"
			},
			"revival_credits": {
				"group": "EA Nation Hub",
				"url": "https://discord.gg/fwrQHHxrQQ"
			},
			"dns": "81.49.107.142",
			"dyn_dns": "ablondel.ddns.net",
			"domains": {
				"pspmoh07.ea.com": "81.49.107.142",
				"tos.ea.com": "81.49.107.142"
			},
			"score": 5,
			"known_working_ids": [
				"ULUS10141",
				"ULES00557",
				"ULES00558",
				"ULES00559",
				"ULES00560",
				"ULES00561",
				"ULES00562"
			],
			"not_working_ids": [],
			"other_ids": [
				"ULJM05213",
				"NPJH50306"
			]
		},
		{
			"name": "Medal of Honor: Heroes 2",
			"comment": {
				"en_US": "Only the menu works!"
			},
			"revival_credits": {
				"group": "EA Nation Hub",
				"url": "https://discord.gg/fwrQHHxrQQ"
			},
			"dns": "ablondel.ddns.net",
			"dyn_dns": "ablondel.ddns.net",
			"domains": {
				"pspmoh08.ea.com": "ablondel.ddns.net",
				"tos.ea.com": "ablondel.ddns.net"
			},
			"score": 1,
			"known_working_ids": [
				"ULUS10310",
				"ULES00955",
				"ULES00956",
				"ULES00988"
			],
			"not_working_ids": [
				"ULJM05301"
			]
		},
		{
			"name": "NBA Live 07",
			"comment": {
				"en_US": "Works but there are incompatibilities between platforms"
			},
			"revival_credits": {
				"group": "EA Nation Hub",
				"url": "https://discord.gg/fwrQHHxrQQ"
			},
			"dns": "ablondel.ddns.net",
			"dyn_dns": "ablondel.ddns.net",
			"domains": {
				"pspnba07.ea.com": "ablondel.ddns.net"
			},
			"score": 4,
			"known_working_ids": [
				"ULUS10113"
			]
		},
		{
			"name": "NBA Live 08",
			"comment": {
				"en_US": "Works but there are incompatibilities between platforms"
			},
			"revival_credits": {
				"group": "EA Nation Hub",
				"url": "https://discord.gg/fwrQHHxrQQ"
			},
			"dns": "ablondel.ddns.net",
			"dyn_dns": "ablondel.ddns.net",
			"domains": {
				"pspnba08.ea.com": "ablondel.ddns.net"
			},
			"score": 4,
			"known_working_ids": [
				"ULUS10294"
			]
		},
		{
			"name": "NCAA Football 07",
			"comment": {
				"en_US": "Works but there are incompatibilities between platforms"
			},
			"revival_credits": {
				"group": "EA Nation Hub",
				"url": "https://discord.gg/fwrQHHxrQQ"
			},
			"dns": "ablondel.ddns.net",
			"dyn_dns": "ablondel.ddns.net",
			"domains": {
				"pspncaa07.ea.com": "ablondel.ddns.net"
			},
			"score": 4,
			"known_working_ids": [
				"ULUS10116"
			]
		},
		{
			"name": "Need for Speed: Most Wanted 5-1-0",
			"comment": {
				"en_US": "Works but requires a patch!"
			},
			"revival_credits": {
				"group": "EA Nation Hub",
				"url": "https://discord.gg/fwrQHHxrQQ"
			},
			"dns": "ablondel.ddns.net",
			"dyn_dns": "ablondel.ddns.net",
			"domains": {
				"pspnfs06.ea.com": "ablondel.ddns.net"
			},
			"score": 5,
			"known_working_ids": [
				"ULES00196",
				"ULUS10036",
				"ULUS10036GH"
			]
		},
		{
			"name": "Need for Speed Carbon: Own the City",
			"comment": {
				"en_US": "Works"
			},
			"revival_credits": {
				"group": "EA Nation Hub",
				"url": "https://discord.gg/fwrQHHxrQQ"
			},
			"dns": "ablondel.ddns.net",
			"dyn_dns": "ablondel.ddns.net",
			"domains": {
				"pspnfs07.ea.com": "ablondel.ddns.net"
			},
			"score": 5,
			"known_working_ids": [
				"ULES00576",
				"ULES00577",
				"ULUS10114"
			]
		},
		{
			"name": "Need for Speed: ProStreet",
			"comment": {
				"en_US": "Works"
			},
			"revival_credits": {
				"group": "EA Nation Hub",
				"url": "https://discord.gg/fwrQHHxrQQ"
			},
			"dns": "ablondel.ddns.net",
			"dyn_dns": "ablondel.ddns.net",
			"domains": {
				"pspnfs08.ea.com": "ablondel.ddns.net"
			},
			"score": 5,
			"known_working_ids": [
				"ULES01019",
				"ULES01020",
				"ULUS10331"
			]
		},
		{
			"name": "Need for Speed: Undercover",
			"comment": {
				"en_US": "Works"
			},
			"revival_credits": {
				"group": "EA Nation Hub",
				"url": "https://discord.gg/fwrQHHxrQQ"
			},
			"dns": "ablondel.ddns.net",
			"dyn_dns": "ablondel.ddns.net",
			"domains": {
				"pspnfs09.ea.com": "ablondel.ddns.net"
			},
			"score": 5,
			"known_working_ids": [
				"ULES01145",
				"ULUS10376"
			]
		},
		{
			"name": "NHL 07",
			"comment": {
				"en_US": "Works but there are incompatibilities between platforms"
			},
			"revival_credits": {
				"group": "EA Nation Hub",
				"url": "https://discord.gg/fwrQHHxrQQ"
			},
			"dns": "ablondel.ddns.net",
			"dyn_dns": "ablondel.ddns.net",
			"domains": {
				"pspnhl07.ea.com": "ablondel.ddns.net"
			},
			"score": 4,
			"known_working_ids": [
				"ULES00477",
				"ULUS10131"
			]
		},
		{
			"name": "Tiger Woods PGA Tour 07",
			"comment": {
				"en_US": "Works"
			},
			"revival_credits": {
				"group": "EA Nation Hub",
				"url": "https://discord.gg/fwrQHHxrQQ"
			},
			"dns": "ablondel.ddns.net",
			"dyn_dns": "ablondel.ddns.net",
			"domains": {
				"psptw07.ea.com": "ablondel.ddns.net"
			},
			"score": 5,
			"known_working_ids": [
				"ULES00455",
				"ULES00456",
				"ULUS10115"
			]
		},
		{
			"name": "Tiger Woods PGA Tour 08",
			"comment": {
				"en_US": "Works"
			},
			"revival_credits": {
				"group": "EA Nation Hub",
				"url": "https://discord.gg/fwrQHHxrQQ"
			},
			"dns": "ablondel.ddns.net",
			"dyn_dns": "ablondel.ddns.net",
			"domains": {
				"psptw08.ea.com": "ablondel.ddns.net"
			},
			"score": 5,
			"known_working_ids": [
				"ULES00845",
				"ULES00846",
				"ULUS10276"
			]
		},
		{
			"name": "Tiger Woods PGA Tour 10",
			"comment": {
				"en_US": "Works"
			},
			"revival_credits": {
				"group": "EA Nation Hub",
				"url": "https://discord.gg/fwrQHHxrQQ"
			},
			"dns": "ablondel.ddns.net",
			"dyn_dns": "ablondel.ddns.net",
			"domains": {
				"psptw10.ea.com": "ablondel.ddns.net"
			},
			"score": 5,
			"known_working_ids": [
				"ULES01260",
				"ULUS10420"
			]
		},
		{
			"name": "Sega Rally Revo",
			"comment": {
				"en_US": "Works"
			},
			"revival_credits": {
				"group": "PS3 Reborn",
				"url": "https://discord.gg/kS9CJhjq9C"
			},
			"domains": {
				"sega-rally-psp.lsg.mmp3.demonware.net": "146.190.205.197",
				"sega-rally-psp.auth.mmp3.demonware.net": "146.190.205.197"
			},
			"score": 5,
			"known_working_ids": [
				"UCKS45072",
				"ULAS42119",
				"ULES00910",
				"ULJM05302",
				"ULJM05417",
				"ULUS10311"
			]
		},
		{
			"name": "Portable Ops",
			"comment": {
				"en_US": "Support for MPO and MPO+."
			},
			"revival_credits": {
				"group": "SaveMGO",
				"url": "https://discord.gg/mgo2pc"
			},
			"dns": "mpo.savemgo.com",
			"dyn_dns": "mpo.savemgo.com",
			"domains": {
				"mpoweb.konamionline.com": "mpo.savemgo.com",
				"info.service.konamionline.com": "mpo.savemgo.com",
				"mpostunus.konamionline.com": "stun.mgo2pc.com",
				"mpostunjp.konamionline.com": "stun.mgo2pc.com",
				"mpostuneu.konamionline.com": "stun.mgo2pc.com"
			},
			"score": 4,
			"known_working_ids": [
				"ULJM05261",
				"ULJM05284",
				"ULJM05284",
				"ULUS10290",
				"ULAS42123",
				"ULES01003",
				"ULUS10202",
				"ULJM05193",
				"VP033J1",
				"ULKS46119",
				"ULES00645",
				"ULJM05256",
				"ULJM08016",
				"ULUS10202GH",
				"NPJH50112",
				"ULJM05573"
			]
		},
		{
			"name": "WipEout Pure",
			"comment": {
				"en_US": "Web browser only, no multiplayer"
			},
			"revival_credits": {
				"group": "The AG Racing Foundation",
				"url": "https://agracingfoundation.org/"
			},
			"dns": "147.135.213.57",
			"domains": {
				"hub.psnexus.net": "147.135.213.57",
				"ingame.scea.com": "147.135.213.57",
				"wipeoutpurepsp.scej-online.jp": "147.135.213.57"
			},
			"other_ids": [
				"UCUS98612",
				"UCJS10007",
				"UCES00001",
				"UCKS45008",
				"NPJG00059"
			]
		},
		{
			"name": "WipEout Pulse",
			"comment": {
				"en_US": "Great"
			},
			"revival_credits": {
				"group": "The AG Racing Foundation",
				"url": "https://agracingfoundation.org/"
			},
			"dns": "147.135.213.57",
			"score": 5,
			"known_working_ids": [
				"UCES00465",
				"UCUS98712",
				"UCAS40179",
				"WPCE02025"
			],
			"not_working_ids": [],
			"other_ids": [
				"UCKS45078"
			],
			"not_working_platforms": []
		},
		{
			"name": "MotorStorm: Arctic Edge",
			"comment": {
				"en_US": "Works"
			},
			"revival_credits": {
				"group": "The AG Racing Foundation",
				"url": "https://agracingfoundation.org/"
			},
			"dns": "147.135.213.57",
			"score": 5,
			"known_working_ids": [
				"UCES01250",
				"UCUS98743",
				"UCJS10104"
			],
			"not_working_ids": [],
			"other_ids": [
				"UCAS40266",
				"UCKS45124",
				"NPJG00047"
			]
		},
		{
			"name": "Ratchet & Clank - Size Matters",
			"dns": "67.222.156.250",
			"other_ids": [
				"UCES00420",
				"UCUS98633"
			]
		},
		{
			"name": "Outrun 2006 - Coast 2 Coast",
			"not_working_ids": [
				"ULES00262",
				"ULUS10064",
				"ULKS46087"
			],
			"dns": "45.7.228.197",
			"score": 1,
			"revival_credits": {
				"group": "OutRun2006Tweaks"
			}
		},
		{
			"name": "SOCOM Fireteam Bravo",
			"known_working_ids": [
				"UCUS98615",
				"UCES00038"
			],
			"not_working_ids": [
				"UCKS45021"
			],
			"score": 4,
			"domains": {
				"socompsp-prod.muis.pdonline.scea.com": "67.222.156.250",
				"socomftb.online.scee.com": "67.222.156.250"
			}
		},
		{
			"name": "SOCOM Fireteam Bravo Public Beta",
			"known_working_ids": [
				"UCUS98637"
			],
			"score": 4,
			"domains": {
				"socompsp-pubeta.muis.pdonline.scea.com": "67.222.156.250"
			}
		},
		{
			"name": "SOCOM Fireteam Bravo 2",
			"known_working_ids": [
				"UCUS98645",
				"UCES00543"
			],
			"not_working_ids": [
				"UCKS45043",
				"UCUS80171"
			],
			"score": 4,
			"domains": {
				"socomftb2.online.scee.com": "67.222.156.250",
				"socomftb2.psp.online.scea.com": "67.222.156.250"
			}
		},
		{
			"name": "SOCOM Tactical Strike",
			"known_working_ids": [
				"UCUS98649",
				"UCES00855"
			],
			"not_working_ids": [
				"NPUG80220"
			],
			"score": 3,
			"domains": {
				"socomtacticspsp.online.scee.com": "67.222.156.250",
				"socomtactics.psp.online.scea.com": "67.222.156.250"
			}
		},
		{
			"name": "Syphon Filter: Dark Mirror",
			"known_working_ids": [
				"UCUS98641"
			],
			"score": 5,
			"domains": {
				"syphonfilterdm-prod.pdonline.scea.com": "67.222.156.250"
			}
		},
		{
			"name": "Driver '76",
			"known_working_ids": [
				"ULUS10235",
				"ULES00740"
			],
			"score": 5,
			"connect_adhoc_for_grouping": true
		},
		{
			"name": "Rocky Balboa",
			"other_ids": [
				"ULES00670"
			],
			"score": 0,
			"connect_adhoc_for_grouping": true
		},
		{
			"name": "Onore no Shinzuru",
			"other_ids": [
				"ULJM05465"
			],
			"score": 0,
			"connect_adhoc_for_grouping": true
		},
		{
			"name": "Patapon 3",
			"comment": {
				"en_US": "Not working yet"
			},
			"not_working_ids": [
				"UCUS98751",
				"UCES01421",
				"UCAS40318",
				"UCKS45169",
				"UCJS10113",
				"UCJS18048",
				"NPJG00122",
				"UCJS18059"
			],
			"score": 0
		}
	]
}
